P_central,Radius_km,Mass_Msun
1e-07,17.4811,0.10408
1.01e-07,17.4791,0.104583
1.0201e-07,17.477,0.105088
1.0303e-07,17.4749,0.105596
1.0406e-07,17.4739,0.106106
1.05101e-07,17.4707,0.106618
1.06152e-07,17.4677,0.107132
1.07214e-07,17.4838,0.107653
1.08286e-07,17.4818,0.108173
1.09369e-07,17.4803,0.108695
1.10462e-07,17.478,0.109219
1.11567e-07,17.476,0.109746
1.12683e-07,17.4739,0.110275
1.13809e-07,17.4718,0.110807
1.14947e-07,17.4713,0.111342
1.16097e-07,17.4692,0.111878
1.17258e-07,17.467,0.112418
1.1843e-07,17.4647,0.112959
1.19615e-07,17.4625,0.113504
1.20811e-07,17.4603,0.11405
1.22019e-07,17.4581,0.1146
1.23239e-07,17.4733,0.115155
1.24472e-07,17.4713,0.11571
1.25716e-07,17.4692,0.116267
1.26973e-07,17.4672,0.116826
1.28243e-07,17.4657,0.117389
1.29526e-07,17.4636,0.117954
1.30821e-07,17.4612,0.118521
1.32129e-07,17.4591,0.119091
1.3345e-07,17.457,0.119664
1.34785e-07,17.4548,0.120239
1.36133e-07,17.4527,0.120817
1.37494e-07,17.4505,0.121398
1.38869e-07,17.4494,0.121981
1.40258e-07,17.4637,0.122571
1.4166e-07,17.4616,0.12316
1.43077e-07,17.4596,0.123752
1.44508e-07,17.4571,0.124346
1.45953e-07,17.4551,0.124943
1.47412e-07,17.4529,0.125543
1.48886e-07,17.4508,0.126145
1.50375e-07,17.4483,0.12675
1.51879e-07,17.4462,0.127358
1.53398e-07,17.444,0.127969
1.54932e-07,17.4423,0.128583
1.56481e-07,17.4401,0.1292
1.58046e-07,17.4536,0.129822
1.59626e-07,17.4524,0.130445
1.61223e-07,17.4503,0.13107
1.62835e-07,17.4482,0.131698
1.64463e-07,17.4461,0.132329
1.66108e-07,17.4429,0.132963
1.67769e-07,17.4422,0.1336
1.69447e-07,17.4399,0.134239
1.71141e-07,17.4378,0.134882
1.72852e-07,17.4356,0.135527
1.74581e-07,17.4334,0.136176
1.76327e-07,17.4312,0.136827
1.7809e-07,17.4289,0.137481
1.79871e-07,17.4415,0.138142
1.8167e-07,17.4395,0.138802
1.83486e-07,17.4374,0.139466
1.85321e-07,17.4353,0.140132
1.87174e-07,17.433,0.140802
1.89046e-07,17.4309,0.141475
1.90937e-07,17.4287,0.14215
1.92846e-07,17.4266,0.142829
1.94774e-07,17.4238,0.143511
1.96722e-07,17.4221,0.144196
1.98689e-07,17.4198,0.144884
2.00676e-07,17.4173,0.145575
2.02683e-07,17.4292,0.146272
2.0471e-07,17.4272,0.14697
2.06757e-07,17.4262,0.147671
2.08825e-07,17.4241,0.148375
2.10913e-07,17.4219,0.149082
2.13022e-07,17.4198,0.149792
2.15152e-07,17.4176,0.150506
2.17304e-07,17.4157,0.151222
2.19477e-07,17.4133,0.151942
2.21672e-07,17.4111,0.152666
2.23888e-07,17.4088,0.153392
2.26127e-07,17.4077,0.154122
2.28388e-07,17.4054,0.154855
2.30672e-07,17.4031,0.155592
2.32979e-07,17.4141,0.156334
2.35309e-07,17.412,0.157078
2.37662e-07,17.4098,0.157824
2.40038e-07,17.4077,0.158574
2.42439e-07,17.4055,0.159327
2.44863e-07,17.4033,0.160084
2.47312e-07,17.401,0.160844
2.49785e-07,17.3988,0.161608
2.52283e-07,17.3965,0.162374
2.54806e-07,17.3942,0.163145
2.57354e-07,17.3919,0.163919
2.59927e-07,17.3891,0.164696
2.62527e-07,17.3996,0.165479
2.65152e-07,17.3972,0.166264
2.67803e-07,17.395,0.167052
2.70481e-07,17.3932,0.167843
2.73186e-07,17.3909,0.168638
2.75918e-07,17.3887,0.169437
2.78677e-07,17.3866,0.170239
2.81464e-07,17.3844,0.171044
2.84279e-07,17.3829,0.171854
2.87121e-07,17.3806,0.172667
2.89993e-07,17.3782,0.173483
2.92893e-07,17.3759,0.174303
2.95822e-07,17.3738,0.175127
2.9878e-07,17.3714,0.175955
3.01768e-07,17.3812,0.176789
3.04785e-07,17.3789,0.177623
3.07833e-07,17.3767,0.178462
3.10911e-07,17.3744,0.179305
3.1402e-07,17.3721,0.180151
3.17161e-07,17.3698,0.181001
3.20332e-07,17.3674,0.181854
3.23536e-07,17.3651,0.182712
3.26771e-07,17.3627,0.183573
3.30039e-07,17.3604,0.184438
3.33339e-07,17.358,0.185307
3.36672e-07,17.3556,0.186179
3.40039e-07,17.3647,0.187059
3.4344e-07,17.3621,0.187939
3.46874e-07,17.3598,0.188823
3.50343e-07,17.3575,0.189712
3.53846e-07,17.3554,0.190604
3.57385e-07,17.3527,0.1915
3.60958e-07,17.3503,0.1924
3.64568e-07,17.3479,0.193304
3.68214e-07,17.3465,0.194213
3.71896e-07,17.3441,0.195125
3.75615e-07,17.3416,0.196041
3.79371e-07,17.3391,0.196961
3.83165e-07,17.3366,0.197885
3.86996e-07,17.3451,0.198815
3.90866e-07,17.3427,0.199748
3.94775e-07,17.3403,0.200684
3.98723e-07,17.3378,0.201624
4.0271e-07,17.3353,0.202569
4.06737e-07,17.3332,0.203518
4.10804e-07,17.3308,0.204471
4.14912e-07,17.3284,0.205428
4.19062e-07,17.3259,0.206389
4.23252e-07,17.3234,0.207354
4.27485e-07,17.3209,0.208324
4.3176e-07,17.3183,0.209298
4.36077e-07,17.3261,0.210278
4.40438e-07,17.3243,0.21126
4.44842e-07,17.3218,0.212247
4.49291e-07,17.3191,0.213238
4.53784e-07,17.3168,0.214233
4.58321e-07,17.314,0.215233
4.62905e-07,17.3122,0.216237
4.67534e-07,17.3096,0.217245
4.72209e-07,17.3071,0.218257
4.76931e-07,17.3045,0.219274
4.817e-07,17.3017,0.220295
4.86517e-07,17.2991,0.221321
4.91383e-07,17.2965,0.222351
4.96296e-07,17.3036,0.223388
5.01259e-07,17.3011,0.224427
5.06272e-07,17.2991,0.225471
5.11335e-07,17.297,0.226519
5.16448e-07,17.2946,0.227571
5.21613e-07,17.2921,0.228629
5.26829e-07,17.2895,0.22969
5.32097e-07,17.2869,0.230756
5.37418e-07,17.2843,0.231827
5.42792e-07,17.2816,0.232902
5.4822e-07,17.279,0.233982
5.53702e-07,17.2764,0.235067
5.59239e-07,17.2737,0.236156
5.64832e-07,17.2802,0.237252
5.7048e-07,17.2776,0.23835
5.76185e-07,17.275,0.239453
5.81947e-07,17.2724,0.240561
5.87766e-07,17.2698,0.241674
5.93644e-07,17.2671,0.242791
5.9958e-07,17.2645,0.243913
6.05576e-07,17.2623,0.24504
6.11632e-07,17.2596,0.246172
6.17748e-07,17.2569,0.247308
6.23926e-07,17.2542,0.248449
6.30165e-07,17.2514,0.249595
6.36466e-07,17.2565,0.250748
6.42831e-07,17.2538,0.251903
6.49259e-07,17.2515,0.253064
6.55752e-07,17.2491,0.25423
6.6231e-07,17.2464,0.2554
6.68933e-07,17.2437,0.256575
6.75622e-07,17.2409,0.257756
6.82378e-07,17.2381,0.258941
6.89202e-07,17.2354,0.260131
6.96094e-07,17.2326,0.261326
7.03055e-07,17.2297,0.262526
7.10085e-07,17.2271,0.263732
7.17186e-07,17.2242,0.264942
7.24358e-07,17.2214,0.266157
7.31602e-07,17.2268,0.267379
7.38918e-07,17.2241,0.268605
7.46307e-07,17.2213,0.269835
7.5377e-07,17.2184,0.271071
7.61308e-07,17.2156,0.272312
7.68921e-07,17.2128,0.273558
7.7661e-07,17.2099,0.274809
7.84376e-07,17.207,0.276065
7.9222e-07,17.2041,0.277327
8.00142e-07,17.2012,0.278593
8.08144e-07,17.1982,0.279865
8.16225e-07,17.1953,0.281143
8.24387e-07,17.2002,0.282427
8.32631e-07,17.1973,0.283715
8.40957e-07,17.1949,0.285008
8.49367e-07,17.192,0.286306
8.57861e-07,17.189,0.28761
8.66439e-07,17.186,0.288919
8.75104e-07,17.1833,0.290233
8.83855e-07,17.1804,0.291553
8.92693e-07,17.1771,0.292878
9.0162e-07,17.1741,0.294209
9.10636e-07,17.1711,0.295545
9.19743e-07,17.168,0.296886
9.2894e-07,17.1649,0.298233
9.3823e-07,17.1692,0.299587
9.47612e-07,17.1663,0.300945
9.57088e-07,17.1632,0.302309
9.66659e-07,17.1602,0.303678
9.76325e-07,17.1574,0.305052
9.86089e-07,17.1543,0.306432
9.9595e-07,17.1511,0.307818
1.00591e-06,17.148,0.309209
1.01597e-06,17.1449,0.310606
1.02613e-06,17.1417,0.312009
1.03639e-06,17.1386,0.313417
1.04675e-06,17.1354,0.314831
1.05722e-06,17.1328,0.31625
1.06779e-06,17.1296,0.317675
1.07847e-06,17.1334,0.319108
1.08926e-06,17.1304,0.320544
1.10015e-06,17.1273,0.321986
1.11115e-06,17.1241,0.323435
1.12226e-06,17.1209,0.324888
1.13348e-06,17.1177,0.326348
1.14482e-06,17.1145,0.327813
1.15627e-06,17.1112,0.329285
1.16783e-06,17.1079,0.330762
1.17951e-06,17.1047,0.332245
1.1913e-06,17.1011,0.333733
1.20322e-06,17.0977,0.335228
1.21525e-06,17.101,0.33673
1.2274e-06,17.0978,0.338236
1.23967e-06,17.0948,0.339749
1.25207e-06,17.0916,0.341267
1.26459e-06,17.0882,0.342791
1.27724e-06,17.0849,0.344322
1.29001e-06,17.0816,0.345858
1.30291e-06,17.0782,0.3474
1.31594e-06,17.0751,0.348949
1.3291e-06,17.0717,0.350503
1.34239e-06,17.0681,0.352063
1.35581e-06,17.0647,0.35363
1.36937e-06,17.0612,0.355202
1.38307e-06,17.0577,0.356781
1.3969e-06,17.0605,0.358367
1.41086e-06,17.0573,0.359958
1.42497e-06,17.0539,0.361555
1.43922e-06,17.0505,0.363158
1.45362e-06,17.0473,0.364767
1.46815e-06,17.0438,0.366383
1.48283e-06,17.0403,0.368005
1.49766e-06,17.0368,0.369633
1.51264e-06,17.0332,0.371267
1.52776e-06,17.029,0.372907
1.54304e-06,17.0256,0.374554
1.55847e-06,17.022,0.376207
1.57406e-06,17.0183,0.377866
1.5898e-06,17.0205,0.379533
1.6057e-06,17.0172,0.381205
1.62175e-06,17.0136,0.382883
1.63797e-06,17.01,0.384568
1.65435e-06,17.0064,0.386259
1.67089e-06,17.0027,0.387956
1.6876e-06,16.9994,0.38966
1.70448e-06,16.9957,0.39137
1.72152e-06,16.992,0.393086
1.73874e-06,16.9882,0.394809
1.75613e-06,16.9845,0.396539
1.77369e-06,16.9807,0.398275
1.79142e-06,16.9768,0.400017
1.80934e-06,16.973,0.401766
1.82743e-06,16.9695,0.403521
1.84571e-06,16.9713,0.405284
1.86416e-06,16.9675,0.407053
1.8828e-06,16.9637,0.408828
1.90163e-06,16.9599,0.410609
1.92065e-06,16.956,0.412398
1.93986e-06,16.9522,0.414192
1.95925e-06,16.9483,0.415994
1.97885e-06,16.9444,0.417801
1.99864e-06,16.9405,0.419616
2.01862e-06,16.9365,0.421437
2.03881e-06,16.9326,0.423265
2.0592e-06,16.9286,0.425099
2.07979e-06,16.9245,0.42694
2.10059e-06,16.9259,0.428789
2.12159e-06,16.922,0.430644
2.14281e-06,16.9178,0.432505
2.16424e-06,16.914,0.434373
2.18588e-06,16.91,0.436248
2.20774e-06,16.9059,0.438129
2.22981e-06,16.9019,0.440018
2.25211e-06,16.8978,0.441913
2.27463e-06,16.8937,0.443814
2.29738e-06,16.89,0.445723
2.32035e-06,16.8858,0.447638
2.34356e-06,16.8815,0.449561
2.36699e-06,16.8773,0.45149
2.39066e-06,16.8731,0.453425
2.41457e-06,16.8739,0.455369
2.43871e-06,16.8697,0.457319
2.4631e-06,16.8656,0.459275
2.48773e-06,16.8614,0.461239
2.51261e-06,16.8572,0.463209
2.53774e-06,16.8528,0.465186
2.56311e-06,16.8486,0.46717
2.58874e-06,16.8443,0.469161
2.61463e-06,16.84,0.471159
2.64078e-06,16.8357,0.473164
2.66719e-06,16.8314,0.475175
2.69386e-06,16.827,0.477194
2.7208e-06,16.8226,0.47922
2.748e-06,16.8228,0.481254
2.77548e-06,16.8186,0.483293
2.80324e-06,16.8142,0.48534
2.83127e-06,16.8099,0.487394
2.85958e-06,16.8055,0.489455
2.88818e-06,16.801,0.491523
2.91706e-06,16.7966,0.493597
2.94623e-06,16.7921,0.495679
2.9757e-06,16.7876,0.497768
3.00545e-06,16.783,0.499864
3.03551e-06,16.7787,0.501967
3.06586e-06,16.7741,0.504077
3.09652e-06,16.7695,0.506195
3.12749e-06,16.7649,0.508319
3.15876e-06,16.7602,0.51045
3.19035e-06,16.76,0.51259
3.22225e-06,16.7556,0.514736
3.25447e-06,16.751,0.516888
3.28702e-06,16.7463,0.519048
3.31989e-06,16.7416,0.521215
3.35309e-06,16.7369,0.523389
3.38662e-06,16.7321,0.525571
3.42049e-06,16.7273,0.527759
3.45469e-06,16.7226,0.529955
3.48924e-06,16.7178,0.532158
3.52413e-06,16.7129,0.534368
3.55937e-06,16.708,0.536585
3.59496e-06,16.7032,0.538809
3.63091e-06,16.6983,0.541041
3.66722e-06,16.6975,0.54328
3.7039e-06,16.6927,0.545526
3.74093e-06,16.688,0.547779
3.77834e-06,16.6831,0.55004
3.81613e-06,16.6781,0.552307
3.85429e-06,16.6732,0.554582
3.89283e-06,16.6682,0.556864
3.93176e-06,16.6632,0.559153
3.97108e-06,16.6582,0.56145
4.01079e-06,16.6533,0.563753
4.0509e-06,16.6482,0.566064
4.0914e-06,16.6431,0.568382
4.13232e-06,16.6379,0.570708
4.17364e-06,16.6328,0.57304
4.21538e-06,16.6315,0.575381
4.25753e-06,16.6264,0.577728
4.30011e-06,16.6213,0.580082
4.34311e-06,16.6161,0.582444
4.38654e-06,16.611,0.584813
4.4304e-06,16.606,0.587189
4.47471e-06,16.6007,0.589572
4.51946e-06,16.5955,0.591963
4.56465e-06,16.5902,0.59436
4.6103e-06,16.5849,0.596766
4.6564e-06,16.5796,0.599178
4.70296e-06,16.5742,0.601597
4.74999e-06,16.5689,0.604024
4.79749e-06,16.5635,0.606458
4.84547e-06,16.558,0.608899
4.89392e-06,16.5562,0.611349
4.94286e-06,16.5508,0.613805
4.99229e-06,16.5454,0.616268
5.04221e-06,16.5399,0.618738
5.09264e-06,16.5344,0.621215
5.14356e-06,16.5289,0.6237
5.195e-06,16.5234,0.626192
5.24695e-06,16.5179,0.628691
5.29942e-06,16.5125,0.631198
5.35241e-06,16.5069,0.633712
5.40594e-06,16.5013,0.636232
5.46e-06,16.4956,0.638761
5.5146e-06,16.49,0.641296
5.56974e-06,16.4843,0.643838
5.62544e-06,16.4786,0.646388
5.68169e-06,16.4728,0.648945
5.73851e-06,16.4705,0.65151
5.79589e-06,16.4647,0.654081
5.85385e-06,16.459,0.65666
5.91239e-06,16.4532,0.659245
5.97152e-06,16.4474,0.661838
6.03123e-06,16.4415,0.664438
6.09154e-06,16.4357,0.667045
6.15246e-06,16.4298,0.669659
6.21398e-06,16.4239,0.672281
6.27612e-06,16.4179,0.674909
6.33888e-06,16.412,0.677545
6.40227e-06,16.406,0.680188
6.4663e-06,16.4,0.682838
6.53096e-06,16.394,0.685495
6.59627e-06,16.3911,0.68816
6.66223e-06,16.385,0.690831
6.72885e-06,16.3791,0.693509
6.79614e-06,16.3731,0.696194
6.8641e-06,16.367,0.698887
6.93275e-06,16.3609,0.701586
7.00207e-06,16.3548,0.704292
7.07209e-06,16.3486,0.707006
7.14281e-06,16.3424,0.709726
7.21424e-06,16.3362,0.712454
7.28638e-06,16.3298,0.715188
7.35925e-06,16.3235,0.71793
7.43284e-06,16.3172,0.720678
7.50717e-06,16.3109,0.723433
7.58224e-06,16.3045,0.726195
7.65806e-06,16.2983,0.728964
7.73464e-06,16.2947,0.731741
7.81199e-06,16.2883,0.734524
7.89011e-06,16.2819,0.737314
7.96901e-06,16.2755,0.74011
8.0487e-06,16.269,0.742914
8.12919e-06,16.2625,0.745724
8.21048e-06,16.2561,0.748541
8.29259e-06,16.2495,0.751365
8.37551e-06,16.2429,0.754196
8.45927e-06,16.2363,0.757033
8.54386e-06,16.2297,0.759877
8.6293e-06,16.223,0.762728
8.71559e-06,16.2163,0.765586
8.80275e-06,16.2096,0.76845
8.89077e-06,16.2029,0.771321
8.97968e-06,16.1962,0.774198
9.06948e-06,16.1922,0.777083
9.16017e-06,16.1855,0.779974
9.25178e-06,16.1788,0.782871
9.34429e-06,16.1719,0.785775
9.43774e-06,16.1651,0.788686
9.53211e-06,16.1582,0.791603
9.62743e-06,16.1513,0.794526
9.72371e-06,16.1444,0.797456
9.82095e-06,16.1375,0.800393
9.91916e-06,16.1305,0.803336
1.00183e-05,16.1235,0.806285
1.01185e-05,16.1164,0.80924
1.02197e-05,16.1095,0.812202
1.03219e-05,16.1024,0.815171
1.04251e-05,16.0953,0.818145
1.05294e-05,16.0882,0.821126
1.06347e-05,16.081,0.824114
1.0741e-05,16.0763,0.827108
1.08484e-05,16.0691,0.830107
1.09569e-05,16.0619,0.833113
1.10665e-05,16.0547,0.836125
1.11772e-05,16.0474,0.839143
1.12889e-05,16.0402,0.842167
1.14018e-05,16.0328,0.845198
1.15158e-05,16.0255,0.848234
1.1631e-05,16.0181,0.851276
1.17473e-05,16.0107,0.854325
1.18648e-05,16.0033,0.857379
1.19834e-05,15.9959,0.860439
1.21033e-05,15.9885,0.863505
1.22243e-05,15.981,0.866577
1.23465e-05,15.9734,0.869655
1.247e-05,15.9658,0.872739
1.25947e-05,15.9582,0.875828
1.27206e-05,15.9529,0.878923
1.28478e-05,15.9453,0.882024
1.29763e-05,15.9377,0.885131
1.31061e-05,15.93,0.888243
1.32372e-05,15.9224,0.891361
1.33695e-05,15.9146,0.894484
1.35032e-05,15.9069,0.897613
1.36383e-05,15.8991,0.900747
1.37746e-05,15.8913,0.903887
1.39124e-05,15.8835,0.907032
1.40515e-05,15.8756,0.910182
1.4192e-05,15.8677,0.913338
1.43339e-05,15.8599,0.916499
1.44773e-05,15.852,0.919666
1.46221e-05,15.844,0.922837
1.47683e-05,15.836,0.926014
1.4916e-05,15.828,0.929196
1.50651e-05,15.8221,0.932384
1.52158e-05,15.8141,0.935576
1.53679e-05,15.806,0.938773
1.55216e-05,15.7978,0.941976
1.56768e-05,15.7897,0.945183
1.58336e-05,15.7815,0.948395
1.59919e-05,15.7734,0.951612
1.61518e-05,15.7651,0.954834
1.63134e-05,15.7569,0.958061
1.64765e-05,15.7486,0.961292
1.66413e-05,15.7403,0.964528
1.68077e-05,15.7321,0.967769
1.69757e-05,15.7237,0.971014
1.71455e-05,15.7153,0.974264
1.7317e-05,15.7068,0.977518
1.74901e-05,15.6983,0.980777
1.7665e-05,15.6899,0.98404
1.78417e-05,15.6833,0.987308
1.80201e-05,15.6748,0.99058
1.82003e-05,15.6663,0.993857
1.83823e-05,15.6578,0.997137
1.85661e-05,15.6492,1.00042
1.87518e-05,15.6406,1.00371
1.89393e-05,15.6319,1.007
1.91287e-05,15.6232,1.0103
1.932e-05,15.6145,1.0136
1.95132e-05,15.6058,1.01691
1.97083e-05,15.597,1.02021
1.99054e-05,15.5882,1.02353
2.01045e-05,15.5795,1.02684
2.03055e-05,15.5706,1.03016
2.05086e-05,15.5617,1.03349
2.07136e-05,15.5528,1.03682
2.09208e-05,15.544,1.04015
2.113e-05,15.535,1.04348
2.13413e-05,15.526,1.04682
2.15547e-05,15.5171,1.05016
2.17702e-05,15.508,1.0535
2.19879e-05,15.5008,1.05685
2.22078e-05,15.4917,1.0602
2.24299e-05,15.4826,1.06356
2.26542e-05,15.4734,1.06692
2.28807e-05,15.4643,1.07028
2.31095e-05,15.4551,1.07364
2.33406e-05,15.4458,1.07701
2.35741e-05,15.4366,1.08038
2.38098e-05,15.4273,1.08375
2.40479e-05,15.418,1.08712
2.42884e-05,15.4086,1.0905
2.45313e-05,15.3992,1.09388
2.47766e-05,15.3898,1.09726
2.50243e-05,15.3804,1.10065
2.52746e-05,15.3709,1.10404
2.55273e-05,15.3613,1.10743
2.57826e-05,15.3519,1.11082
2.60404e-05,15.3423,1.11422
2.63008e-05,15.3344,1.11761
2.65638e-05,15.3248,1.12101
2.68295e-05,15.3152,1.12442
2.70978e-05,15.3056,1.12782
2.73687e-05,15.2959,1.13122
2.76424e-05,15.2862,1.13463
2.79189e-05,15.2765,1.13804
2.8198e-05,15.2667,1.14145
2.848e-05,15.2569,1.14486
2.87648e-05,15.2471,1.14828
2.90525e-05,15.2373,1.1517
2.9343e-05,15.2274,1.15511
2.96364e-05,15.2175,1.15853
2.99328e-05,15.2075,1.16195
3.02321e-05,15.1976,1.16537
3.05344e-05,15.1876,1.1688
3.08398e-05,15.1775,1.17222
3.11482e-05,15.1675,1.17564
3.14597e-05,15.1574,1.17907
3.17743e-05,15.1488,1.1825
3.2092e-05,15.1387,1.18593
3.24129e-05,15.1285,1.18935
3.2737e-05,15.1183,1.19278
3.30644e-05,15.1081,1.19621
3.33951e-05,15.0979,1.19964
3.3729e-05,15.0876,1.20308
3.40663e-05,15.0773,1.20651
3.4407e-05,15.067,1.20994
3.4751e-05,15.0567,1.21337
3.50985e-05,15.0463,1.2168
3.54495e-05,15.0359,1.22024
3.5804e-05,15.0254,1.22367
3.61621e-05,15.015,1.2271
3.65237e-05,15.0053,1.23054
3.68889e-05,14.9948,1.23397
3.72578e-05,14.9842,1.2374
3.76304e-05,14.9737,1.24083
3.80067e-05,14.9631,1.24426
3.83868e-05,14.9525,1.2477
3.87706e-05,14.9418,1.25113
3.91583e-05,14.9311,1.25456
3.95499e-05,14.9204,1.25799
3.99454e-05,14.9097,1.26141
4.03449e-05,14.8989,1.26484
4.07483e-05,14.8881,1.26827
4.11558e-05,14.8773,1.27169
4.15674e-05,14.8665,1.27512
4.1983e-05,14.8556,1.27854
4.24029e-05,14.8447,1.28196
4.28269e-05,14.8337,1.28539
4.32552e-05,14.8228,1.28881
4.36877e-05,14.8118,1.29222
4.41246e-05,14.8007,1.29564
4.45658e-05,14.7897,1.29906
4.50115e-05,14.7786,1.30247
4.54616e-05,14.7675,1.30588
4.59162e-05,14.7564,1.30929
4.63754e-05,14.7465,1.3127
4.68391e-05,14.7353,1.3161
4.73075e-05,14.7241,1.31951
4.77806e-05,14.7128,1.32291
4.82584e-05,14.7015,1.32631
4.8741e-05,14.6903,1.3297
4.92284e-05,14.6789,1.3331
4.97207e-05,14.6676,1.33649
5.02179e-05,14.6562,1.33988
5.07201e-05,14.6448,1.34326
5.12273e-05,14.6334,1.34665
5.17396e-05,14.6219,1.35003
5.2257e-05,14.6104,1.35341
5.27795e-05,14.5989,1.35678
5.33073e-05,14.5874,1.36015
5.38404e-05,14.5758,1.36352
5.43788e-05,14.5642,1.36688
5.49226e-05,14.5526,1.37025
5.54718e-05,14.5409,1.3736
5.60265e-05,14.5292,1.37696
5.65868e-05,14.5175,1.38031
5.71527e-05,14.5058,1.38366
5.77242e-05,14.494,1.387
5.83014e-05,14.4822,1.39034
5.88844e-05,14.4704,1.39367
5.94733e-05,14.4597,1.39701
6.0068e-05,14.4479,1.40033
6.06687e-05,14.436,1.40366
6.12754e-05,14.424,1.40698
6.18881e-05,14.4121,1.41029
6.2507e-05,14.4001,1.4136
6.31321e-05,14.3881,1.4169
6.37634e-05,14.3761,1.4202
6.44011e-05,14.3641,1.4235
6.50451e-05,14.352,1.42679
6.56955e-05,14.3399,1.43008
6.63525e-05,14.3278,1.43336
6.7016e-05,14.3156,1.43663
6.76862e-05,14.3034,1.4399
6.8363e-05,14.2912,1.44317
6.90466e-05,14.279,1.44643
6.97371e-05,14.2667,1.44968
7.04345e-05,14.2545,1.45293
7.11388e-05,14.2421,1.45618
7.18502e-05,14.2298,1.45941
7.25687e-05,14.2174,1.46265
7.32944e-05,14.2051,1.46587
7.40273e-05,14.1926,1.46909
7.47676e-05,14.1802,1.47231
7.55153e-05,14.1677,1.47551
7.62705e-05,14.1553,1.47871
7.70332e-05,14.1427,1.48191
7.78035e-05,14.1302,1.4851
7.85815e-05,14.1187,1.48828
7.93673e-05,14.1061,1.49146
8.0161e-05,14.0935,1.49462
8.09626e-05,14.0808,1.49779
8.17722e-05,14.0682,1.50094
8.259e-05,14.0555,1.50409
8.34159e-05,14.0428,1.50723
8.425e-05,14.0301,1.51037
8.50925e-05,14.0173,1.51349
8.59435e-05,14.0046,1.51661
8.68029e-05,13.9918,1.51973
8.76709e-05,13.9789,1.52283
8.85476e-05,13.9661,1.52593
8.94331e-05,13.9532,1.52902
9.03274e-05,13.9403,1.5321
9.12307e-05,13.9274,1.53517
9.2143e-05,13.9144,1.53824
9.30644e-05,13.9015,1.5413
9.39951e-05,13.8885,1.54435
9.4935e-05,13.8755,1.54739
9.58844e-05,13.8624,1.55043
9.68432e-05,13.8494,1.55345
9.78117e-05,13.8363,1.55647
9.87898e-05,13.8232,1.55948
9.97777e-05,13.8101,1.56248
0.000100775,13.7969,1.56547
0.000101783,13.7841,1.56845
0.000102801,13.7709,1.57143
0.000103829,13.7576,1.57439
0.000104867,13.7444,1.57735
0.000105916,13.7311,1.5803
0.000106975,13.7178,1.58323
0.000108045,13.7045,1.58616
0.000109125,13.6912,1.58908
0.000110217,13.6778,1.59199
0.000111319,13.6645,1.59489
0.000112432,13.6511,1.59778
0.000113556,13.6376,1.60067
0.000114692,13.6242,1.60354
0.000115839,13.6107,1.6064
0.000116997,13.5982,1.60925
0.000118167,13.5846,1.6121
0.000119349,13.5711,1.61493
0.000120542,13.5576,1.61775
0.000121748,13.544,1.62056
0.000122965,13.5304,1.62336
0.000124195,13.5168,1.62616
0.000125437,13.5032,1.62894
0.000126691,13.4896,1.63171
0.000127958,13.4759,1.63447
0.000129238,13.4622,1.63722
0.00013053,13.4481,1.63996
0.000131835,13.4344,1.64268
0.000133154,13.4206,1.6454
0.000134485,13.4069,1.64811
0.00013583,13.394,1.6508
0.000137188,13.3802,1.65349
0.00013856,13.3664,1.65616
0.000139946,13.3525,1.65882
0.000141345,13.3387,1.66147
0.000142759,13.3248,1.66411
0.000144186,13.3109,1.66674
0.000145628,13.297,1.66936
0.000147085,13.2831,1.67196
0.000148555,13.2692,1.67455
0.000150041,13.2552,1.67714
0.000151541,13.2413,1.6797
0.000153057,13.2273,1.68226
0.000154587,13.2133,1.68481
0.000156133,13.1993,1.68734
0.000157695,13.1852,1.68986
0.000159271,13.1712,1.69237
0.000160864,13.1571,1.69487
0.000162473,13.1431,1.69736
0.000164098,13.129,1.69983
0.000165739,13.1148,1.70229
0.000167396,13.1007,1.70474
0.00016907,13.0865,1.70717
0.000170761,13.0724,1.7096
0.000172468,13.0582,1.71201
0.000174193,13.044,1.7144
0.000175935,13.0298,1.71679
0.000177694,13.0155,1.71916
0.000179471,13.0013,1.72152
0.000181266,12.987,1.72387
0.000183078,12.9728,1.7262
0.000184909,12.9585,1.72852
0.000186758,12.9442,1.73083
0.000188626,12.9298,1.73312
0.000190512,12.9155,1.7354
0.000192417,12.9012,1.73767
0.000194341,12.8868,1.73992
0.000196285,12.8724,1.74216
0.000198248,12.8581,1.74439
0.00020023,12.8437,1.74661
0.000202232,12.8293,1.74881
0.000204255,12.8149,1.75099
0.000206297,12.8004,1.75317
0.00020836,12.786,1.75532
0.000210444,12.7715,1.75747
0.000212548,12.757,1.7596
0.000214674,12.7425,1.76172
0.000216821,12.728,1.76382
0.000218989,12.7135,1.76591
0.000221179,12.699,1.76799
0.00022339,12.6845,1.77005
0.000225624,12.6699,1.7721
0.000227881,12.6554,1.77413
0.000230159,12.6416,1.77615
0.000232461,12.627,1.77816
0.000234786,12.6124,1.78015
0.000237134,12.5978,1.78213
0.000239505,12.5832,1.78409
0.0002419,12.5686,1.78604
0.000244319,12.554,1.78797
0.000246762,12.5393,1.78989
0.00024923,12.5247,1.7918
0.000251722,12.51,1.79369
0.000254239,12.4954,1.79556
0.000256782,12.4807,1.79742
0.000259349,12.466,1.79927
0.000261943,12.4513,1.8011
0.000264562,12.4366,1.80292
0.000267208,12.4219,1.80472
0.00026988,12.4072,1.80651
0.000272579,12.3925,1.80828
0.000275305,12.3778,1.81004
0.000278058,12.363,1.81178
0.000280838,12.3482,1.81351
0.000283647,12.3335,1.81523
0.000286483,12.3187,1.81692
0.000289348,12.3039,1.81861
0.000292241,12.2892,1.82028
0.000295164,12.2744,1.82193
0.000298115,12.2596,1.82357
0.000301097,12.2448,1.82519
0.000304108,12.23,1.8268
0.000307149,12.2152,1.82839
0.00031022,12.2004,1.82997
0.000313322,12.1856,1.83153
0.000316456,12.1707,1.83308
0.00031962,12.1559,1.83461
0.000322816,12.1411,1.83613
0.000326045,12.1262,1.83763
0.000329305,12.1114,1.83912
0.000332598,12.0965,1.84059
0.000335924,12.0817,1.84204
0.000339283,12.0668,1.84348
0.000342676,12.052,1.84491
0.000346103,12.0371,1.84632
0.000349564,12.0222,1.84771
0.000353059,12.0074,1.84909
0.00035659,11.9925,1.85046
0.000360156,11.9776,1.85181
0.000363758,11.9628,1.85314
0.000367395,11.9479,1.85446
0.000371069,11.933,1.85576
0.00037478,11.9181,1.85704
0.000378528,11.9032,1.85832
0.000382313,11.8883,1.85957
0.000386136,11.8734,1.86081
0.000389997,11.8585,1.86204
0.000393897,11.8437,1.86325
0.000397836,11.8288,1.86444
0.000401815,11.8139,1.86562
0.000405833,11.799,1.86678
0.000409891,11.7841,1.86793
0.00041399,11.7692,1.86906
0.00041813,11.7543,1.87018
0.000422311,11.7394,1.87128
0.000426534,11.7245,1.87236
0.0004308,11.7096,1.87343
0.000435108,11.6947,1.87449
0.000439459,11.6798,1.87553
0.000443853,11.6649,1.87655
0.000448292,11.65,1.87756
0.000452775,11.6351,1.87855
0.000457303,11.6203,1.87953
0.000461876,11.6053,1.88049
0.000466494,11.5905,1.88144
0.000471159,11.5756,1.88237
0.000475871,11.5615,1.88329
0.00048063,11.5466,1.88419
0.000485436,11.5317,1.88507
0.00049029,11.5168,1.88594
0.000495193,11.502,1.8868
0.000500145,11.4871,1.88764
0.000505146,11.4722,1.88846
0.000510198,11.4574,1.88927
0.0005153,11.4425,1.89006
0.000520453,11.4277,1.89084
0.000525657,11.4128,1.8916
0.000530914,11.398,1.89235
0.000536223,11.3831,1.89308
0.000541585,11.3683,1.8938
0.000547001,11.3535,1.8945
0.000552471,11.3387,1.89519
0.000557996,11.3239,1.89586
0.000563576,11.3091,1.89652
0.000569212,11.2943,1.89716
0.000574904,11.2795,1.89778
0.000580653,11.2647,1.89839
0.000586459,11.2499,1.89899
0.000592324,11.2351,1.89957
0.000598247,11.2204,1.90014
0.00060423,11.2056,1.90069
0.000610272,11.1908,1.90123
0.000616375,11.1761,1.90175
0.000622538,11.1614,1.90226
0.000628764,11.1466,1.90275
0.000635051,11.1318,1.90322
0.000641402,11.1171,1.90369
0.000647816,11.1024,1.90413
0.000654294,11.0877,1.90457
0.000660837,11.0731,1.90499
0.000667445,11.0584,1.90539
0.00067412,11.0437,1.90578
0.000680861,11.0291,1.90615
0.00068767,11.0144,1.90651
0.000694546,10.9998,1.90686
0.000701492,10.9851,1.90719
0.000708507,10.9705,1.90751
0.000715592,10.9559,1.90781
0.000722748,10.9412,1.9081
0.000729975,10.9267,1.90837
0.000737275,10.9121,1.90863
0.000744648,10.8975,1.90888
0.000752094,10.883,1.90911
0.000759615,10.8684,1.90932
0.000767211,10.8539,1.90953
0.000774883,10.84,1.90972
0.000782632,10.8255,1.90989
0.000790459,10.8104,1.91005
0.000798363,10.7958,1.9102
0.000806347,10.7813,1.91033
0.00081441,10.7669,1.91045
0.000822554,10.7532,1.91056
0.00083078,10.7388,1.91065
0.000839088,10.7243,1.91073
0.000847479,10.7099,1.91079
0.000855953,10.6955,1.91084
0.000864513,10.6811,1.91088
0.000873158,10.6667,1.9109
0.00088189,10.6523,1.91091
0.000890709,10.638,1.91091
0.000899616,10.6236,1.91089
0.000908612,10.6094,1.91086
0.000917698,10.595,1.91082
0.000926875,10.5807,1.91076
0.000936144,10.5664,1.91069
0.000945505,10.5522,1.91061
0.00095496,10.5379,1.91052
0.00096451,10.5238,1.91041
0.000974155,10.5095,1.91029
0.000983896,10.4953,1.91015
0.000993735,10.4812,1.91
